{"cameraMode":{"drawMode":0,"name":"Shaded","section":"Shading Mode"},"sceneLighting":false,"audioPlay":false,"sceneViewState":{"showFog":true,"showMaterialUpdate":false,"showSkybox":false,"showFlares":true,"showImageEffects":true,"showParticleSystems":true},"in2DMode":false,"pivot":{"x":-221.53955078125,"y":-176.16845703125,"z":807.6136474609375},"rotation":{"x":-0.18629306554794312,"y":0.7936962246894836,"z":-0.29767143726348879,"w":-0.4967223107814789},"size":2385.955322265625,"orthographic":false}