{"cameraMode":{"drawMode":0,"name":"Shaded","section":"Shading Mode"},"sceneLighting":false,"audioPlay":false,"sceneViewState":{"showFog":true,"showMaterialUpdate":false,"showSkybox":false,"showFlares":true,"showImageEffects":true,"showParticleSystems":true},"in2DMode":false,"pivot":{"x":12.62646484375,"y":-10.820632934570313,"z":-4.372549057006836},"rotation":{"x":-0.18629306554794312,"y":0.7936962246894836,"z":-0.29767143726348879,"w":-0.4967223107814789},"size":60.120155334472659,"orthographic":false}